{
    "name": "root",
    "gauges": {
        "KartAgent.Policy.Entropy.mean": {
            "value": 1.0233787298202515,
            "min": 1.0233787298202515,
            "max": 1.0419111251831055,
            "count": 5
        },
        "KartAgent.Policy.Entropy.sum": {
            "value": 11533.478515625,
            "min": 10355.0703125,
            "max": 16119.3134765625,
            "count": 5
        },
        "KartAgent.Step.mean": {
            "value": 1199240.0,
            "min": 1151794.0,
            "max": 1199240.0,
            "count": 5
        },
        "KartAgent.Step.sum": {
            "value": 1199240.0,
            "min": 1151794.0,
            "max": 1199240.0,
            "count": 5
        },
        "KartAgent.Policy.ExtrinsicValueEstimate.mean": {
            "value": 106.94424438476562,
            "min": 100.08419036865234,
            "max": 106.94424438476562,
            "count": 5
        },
        "KartAgent.Policy.ExtrinsicValueEstimate.sum": {
            "value": 2245.8291015625,
            "min": 205.63656616210938,
            "max": 2245.8291015625,
            "count": 5
        },
        "KartAgent.IsTraining.mean": {
            "value": 1.0,
            "min": 1.0,
            "max": 1.0,
            "count": 5
        },
        "KartAgent.IsTraining.sum": {
            "value": 1.0,
            "min": 1.0,
            "max": 1.0,
            "count": 5
        },
        "KartAgent.Environment.EpisodeLength.mean": {
            "value": 1123.0,
            "min": 1123.0,
            "max": 1376.2222222222222,
            "count": 4
        },
        "KartAgent.Environment.EpisodeLength.sum": {
            "value": 11230.0,
            "min": 6657.0,
            "max": 15137.0,
            "count": 4
        },
        "KartAgent.Environment.CumulativeReward.mean": {
            "value": 1401.9380747795105,
            "min": 1247.862708515591,
            "max": 1836.1410250663757,
            "count": 4
        },
        "KartAgent.Environment.CumulativeReward.sum": {
            "value": 14019.380747795105,
            "min": 6608.8362810611725,
            "max": 22033.69230079651,
            "count": 4
        },
        "KartAgent.Policy.ExtrinsicReward.mean": {
            "value": 1401.9380747795105,
            "min": 1247.862708515591,
            "max": 1836.1410250663757,
            "count": 4
        },
        "KartAgent.Policy.ExtrinsicReward.sum": {
            "value": 14019.380747795105,
            "min": 6608.8362810611725,
            "max": 22033.69230079651,
            "count": 4
        },
        "KartAgent.Losses.PolicyLoss.mean": {
            "value": 0.07027374405757084,
            "min": 0.06956697144955588,
            "max": 0.07380815301528457,
            "count": 3
        },
        "KartAgent.Losses.PolicyLoss.sum": {
            "value": 0.07027374405757084,
            "min": 0.06956697144955588,
            "max": 0.07380815301528457,
            "count": 3
        },
        "KartAgent.Losses.ValueLoss.mean": {
            "value": 150.62843128932718,
            "min": 91.07628857217183,
            "max": 150.62843128932718,
            "count": 3
        },
        "KartAgent.Losses.ValueLoss.sum": {
            "value": 150.62843128932718,
            "min": 91.07628857217183,
            "max": 150.62843128932718,
            "count": 3
        },
        "KartAgent.Policy.LearningRate.mean": {
            "value": 0.000299283405238865,
            "min": 0.000299283405238865,
            "max": 0.0002993027528324158,
            "count": 3
        },
        "KartAgent.Policy.LearningRate.sum": {
            "value": 0.000299283405238865,
            "min": 0.000299283405238865,
            "max": 0.0002993027528324158,
            "count": 3
        },
        "KartAgent.Policy.Epsilon.mean": {
            "value": 0.19976113499999995,
            "min": 0.19976113499999995,
            "max": 0.1997675842,
            "count": 3
        },
        "KartAgent.Policy.Epsilon.sum": {
            "value": 0.19976113499999995,
            "min": 0.19976113499999995,
            "max": 0.1997675842,
            "count": 3
        },
        "KartAgent.Policy.Beta.mean": {
            "value": 0.0009976352365000001,
            "min": 0.0009976352365000001,
            "max": 0.0009976990835799998,
            "count": 3
        },
        "KartAgent.Policy.Beta.sum": {
            "value": 0.0009976352365000001,
            "min": 0.0009976352365000001,
            "max": 0.0009976990835799998,
            "count": 3
        }
    },
    "metadata": {
        "timer_format_version": "0.1.0",
        "start_time_seconds": "1717172843",
        "python_version": "3.9.19 (main, Mar 21 2024, 17:21:27) [MSC v.1916 64 bit (AMD64)]",
        "command_line_arguments": "C:\\Users\\Lau\\anaconda3\\envs\\ML\\Scripts\\mlagents-learn Kart Agent.yaml --run-id=kartagent lau --resume",
        "mlagents_version": "0.30.0",
        "mlagents_envs_version": "0.30.0",
        "communication_protocol_version": "1.5.0",
        "pytorch_version": "1.7.1+cu110",
        "numpy_version": "1.21.2",
        "end_time_seconds": "1717172991"
    },
    "total": 147.970829,
    "count": 1,
    "self": 0.005432200000029752,
    "children": {
        "run_training.setup": {
            "total": 0.1065988,
            "count": 1,
            "self": 0.1065988
        },
        "TrainerController.start_learning": {
            "total": 147.85879799999998,
            "count": 1,
            "self": 0.48408519999983923,
            "children": {
                "TrainerController._reset_env": {
                    "total": 14.7778078,
                    "count": 1,
                    "self": 14.7778078
                },
                "TrainerController.advance": {
                    "total": 132.50588280000014,
                    "count": 6313,
                    "self": 0.09256610000059595,
                    "children": {
                        "env_step": {
                            "total": 132.41331669999954,
                            "count": 6313,
                            "self": 106.20344509999927,
                            "children": {
                                "SubprocessEnvManager._take_step": {
                                    "total": 26.11888480000036,
                                    "count": 6314,
                                    "self": 0.5601817000005447,
                                    "children": {
                                        "TorchPolicy.evaluate": {
                                            "total": 25.558703099999814,
                                            "count": 6281,
                                            "self": 25.558703099999814
                                        }
                                    }
                                },
                                "workers": {
                                    "total": 0.09098679999991077,
                                    "count": 6312,
                                    "self": 0.0,
                                    "children": {
                                        "worker_root": {
                                            "total": 90.21612819999974,
                                            "count": 6312,
                                            "is_parallel": true,
                                            "self": 37.60471709999963,
                                            "children": {
                                                "steps_from_proto": {
                                                    "total": 0.001113399999999487,
                                                    "count": 2,
                                                    "is_parallel": true,
                                                    "self": 0.0002888999999992592,