{
    "name": "root",
    "metadata": {
        "timer_format_version": "0.1.0",
        "start_time_seconds": "1717171366",
        "python_version": "3.9.19 (main, Mar 21 2024, 17:21:27) [MSC v.1916 64 bit (AMD64)]",
        "command_line_arguments": "C:\\Users\\Lau\\anaconda3\\envs\\ML\\Scripts\\mlagents-learn Kart Agent.yaml --run-id=kartagent lau --resume",
        "mlagents_version": "0.30.0",
        "mlagents_envs_version": "0.30.0",
        "communication_protocol_version": "1.5.0",
        "pytorch_version": "1.7.1+cu110",
        "numpy_version": "1.21.2",
        "end_time_seconds": "1717171506"
    },
    "total": 139.98071960000001,
    "count": 1,
    "self": 0.007159400000034566,
    "children": {
        "run_training.setup": {
            "total": 0.11073669999999991,
            "count": 1,
            "self": 0.11073669999999991
        },
        "TrainerController.start_learning": {
            "total": 139.8628235,
            "count": 1,
            "self": 0.12494809999984113,
            "children": {
                "TrainerController._reset_env": {
                    "total": 17.2865091,
                    "count": 1,
                    "self": 17.2865091
                },
                "TrainerController.advance": {
                    "total": 122.34325110000013,
                    "count": 4283,
                    "self": 0.05594099999986213,
                    "children": {
                        "env_step": {
                            "total": 122.28731010000027,
                            "count": 4283,
                            "self": 106.31068030000098,
                            "children": {
                                "SubprocessEnvManager._take_step": {
                                    "total": 15.920019299999922,
                                    "count": 4283,
                                    "self": 0.34612459999987877,
                                    "children": {
                                        "TorchPolicy.evaluate": {
                                            "total": 15.573894700000043,
                                            "count": 4263,
                                            "self": 15.573894700000043
                                        }
                                    }
                                },
                                "workers": {
                                    "total": 0.05661049999936907,
                                    "count": 4282,
                                    "self": 0.0,
                                    "children": {
                                        "worker_root": {
                                            "total": 58.82698520000006,
                                            "count": 4282,
                                            "is_parallel": true,
                                            "self": 23.739650699999764,
                                            "children": {
                                                "steps_from_proto": {
                                                    "total": 0.0006069999999986919,
                                                    "count": 1,
                                                    "is_parallel": true,
                                                    "self": 0.00016549999999782017,
                                                    "children": {
                                                        "_process_rank_one_or_two_observation": {
                                                            "total": 0.00044150000000087175,
                                                            "count": 4,
                                                            "is_parallel": true,
                                                            "self": 0.00044150000000087175
                                                        }
                                                    }
                                                },
                                                "UnityEnvironment.step": {
                                                    "total": 35.0867275000003,
                                                    "count": 4282,
                                                    "is_parallel": true,
                                                    "self": 0.6229859000006783,
                                                    "children": {
                                                        "UnityEnvironment._generate_step_input": {
                                                            "total": 0.6735403999998546,
                                                            "count": 4282,
                                                            "is_parallel": true,
                                                            "self": 0.6735403999998546
                                                        },
                                                        "communicator.exchange": {
                                                            "total": 32.273011799999814,
                                                            "count": 4282,
                                                            "is_parallel": true,
                                                            "self": 32.273011799999814
                                                        },
                                                        "steps_from_proto": {
                                                            "total": 1.5171893999999497,
                                                            "count": 4282,
                                                            "is_parallel": true,
                                                            "self": 0.43456859999993114,
                                                            "children": {
                                                                "_process_rank_one_or_two_observation": {
                                                                    "total": 1.0826208000000186,
                                                                    "count": 17128,
                                                                    "is_parallel": true,
                                                                    "self": 1.0826208000000186
                                                                }
                                                            }
                                                        }
                                                    }
                                                }
                                            }
                                        }
                                    }
                                }
                            }
                        }
                    }
                },
                "TrainerController._save_models": {
                    "total": 0.10811520000001451,
                    "count": 1,
                    "self": 0.016640600000016548,
                    "children": {
                        "RLTrainer._checkpoint": {
                            "total": 0.09147459999999796,
                            "count": 1,
                            "self": 0.09147459999999796
                        }
                    }
                }
            }
        }
    }
}