{"count":1,"self":174.3796224,"total":174.7121253,"children":{"InitializeActuators":{"count":10,"self":0.0010012999999999999,"total":0.0010012999999999999,"children":null},"InitializeSensors":{"count":10,"self":0.0010008999999999999,"total":0.0010008999999999999,"children":null},"AgentSendState":{"count":991,"self":0.0874739,"total":0.0985146,"children":{"CollectObservations":{"count":2480,"self":0.0015042999999999999,"total":0.0015042999999999999,"children":null},"WriteActionMask":{"count":2480,"self":0.0015084999999999999,"total":0.0015084999999999999,"children":null},"RequestDecision":{"count":2480,"self":0.0080279,"total":0.0080279,"children":null}}},"DecideAction":{"count":991,"self":0.2249501,"total":0.23047389999999998,"children":{"RayPerceptionSensor.Perceive":{"count":4960,"self":0.0055238,"total":0.0055238,"children":null}}},"AgentAct":{"count":991,"self":0.0015107999999999999,"total":0.0015107999999999999,"children":null}},"gauges":{},"metadata":{"timer_format_version":"0.1.0","start_time_seconds":"1718149638","unity_version":"6000.0.3f1","command_line_arguments":"C:\\Program Files\\Unity\\Hub\\Editor\\6000.0.3f1\\Editor\\Unity.exe -projectpath C:\\TempVRGame\\Eindproject-Mennekes -useHub -hubIPC -cloudEnvironment production -licensingIpc LicenseClient-User -hubSessionId 79c5229c-edf6-46f7-8ce2-5d7e8e4bf2f5 -accessToken 3SPzrKzOTgHGbpqGnoF1l36NTHFoJpN3EB4AFf7ZTlA001f","communication_protocol_version":"1.5.0","com.unity.ml-agents_version":"2.0.1","scene_name":"MainMenu","end_time_seconds":"1718149812"}}