{"count":1,"self":758.6560512,"total":2285.5293687999997,"children":{"InitializeActuators":{"count":14,"self":0.0010021,"total":0.0010021,"children":null},"InitializeSensors":{"count":14,"self":0.0024795999999999998,"total":0.0024795999999999998,"children":null},"AgentSendState":{"count":519084,"self":56.4146368,"total":70.1779665,"children":{"CollectObservations":{"count":1154271,"self":0.64867429999999993,"total":0.64867429999999993,"children":null},"WriteActionMask":{"count":1154271,"self":0.6006539,"total":0.6006539,"children":null},"RequestDecision":{"count":1154271,"self":2.148956,"total":12.5140032,"children":{"AgentInfo.ToProto":{"count":1026037,"self":1.3822411,"total":10.3650471,"children":{"GenerateSensorData":{"count":1026037,"self":5.9350676,"total":8.982806,"children":{"RayPerceptionSensor.Perceive":{"count":2052074,"self":3.0477384,"total":3.0477383,"children":null}}}}}}}}},"DecideAction":{"count":519084,"self":1451.5839999999998,"total":1453.9622098999998,"children":{"RayPerceptionSensor.Perceive":{"count":256468,"self":2.3782007999999997,"total":2.3782007999999997,"children":null}}},"AgentAct":{"count":519084,"self":2.6959412,"total":2.6959410999999998,"children":null},"AgentInfo.ToProto":{"count":1510,"self":0.0056432,"total":0.033725,"children":{"GenerateSensorData":{"count":1510,"self":0.0247971,"total":0.028081799999999997,"children":{"RayPerceptionSensor.Perceive":{"count":3020,"self":0.0032846999999999998,"total":0.0032846999999999998,"children":null}}}}}},"gauges":{"KartAgent.CumulativeReward":{"count":1702,"max":172.928162,"min":-52.0564423,"runningAverage":70.5371552,"value":7.941181,"weightedAverage":64.58799}},"metadata":{"timer_format_version":"0.1.0","start_time_seconds":"1716240098","unity_version":"2022.3.10f1","command_line_arguments":"C:\\Program Files\\Unity\\Hub\\Editor\\2022.3.10f1\\Editor\\Unity.exe -projectpath C:\\Users\\Moham\\OneDrive\\Bureaublad\\project-vr\\project\\Eindproject-Mennekes -useHub -hubIPC -cloudEnvironment production -licensingIpc LicenseClient-Moham -hubSessionId f69b09ea-6f5c-4513-bc33-72421dc25a1a -accessToken ylSUEZR-O-5Y5ZaSlFp0Oad7374T7FmMK3Ncfk77NDU008f","communication_protocol_version":"1.5.0","com.unity.ml-agents_version":"2.0.1","scene_name":"MediumScene","end_time_seconds":"1716242383"}}