{"count":1,"self":2137.2930048,"total":9775.2107395,"children":{"InitializeActuators":{"count":24,"self":0.0019963999999999997,"total":0.0019963999999999997,"children":null},"InitializeSensors":{"count":24,"self":0.0039924999999999995,"total":0.0039924999999999995,"children":null},"AgentSendState":{"count":2932051,"self":575.8451712,"total":1107.8951864,"children":{"CollectObservations":{"count":14073864,"self":37.829884799999995,"total":37.829886099999996,"children":null},"WriteActionMask":{"count":14073864,"self":24.7239072,"total":24.723907099999998,"children":null},"RequestDecision":{"count":14073864,"self":104.50051839999999,"total":469.4962149,"children":{"AgentInfo.ToProto":{"count":14073864,"self":74.2684736,"total":364.9956942,"children":{"GenerateSensorData":{"count":14073864,"self":210.7863808,"total":290.7272188,"children":{"RayPerceptionSensor.Perceive":{"count":28147728,"self":79.9408448,"total":79.9408421,"children":null}}}}}}}}},"DecideAction":{"count":2932051,"self":6471.2040448,"total":6471.2039736,"children":null},"AgentAct":{"count":2932051,"self":57.905504,"total":57.9055021,"children":null},"AgentInfo.ToProto":{"count":22206,"self":0.246212,"total":0.9065789,"children":{"GenerateSensorData":{"count":22206,"self":0.4758657,"total":0.6603669,"children":{"RayPerceptionSensor.Perceive":{"count":44412,"self":0.1845012,"total":0.1845012,"children":null}}}}}},"gauges":{"KartAgent.CumulativeReward":{"count":22206,"max":0.9431683,"min":-1.06916749,"runningAverage":-0.135111883,"value":-0.9503342,"weightedAverage":0.255134284}},"metadata":{"timer_format_version":"0.1.0","start_time_seconds":"1714907842","unity_version":"2022.3.10f1","command_line_arguments":"C:\\Program Files\\Unity\\Hub\\Editor\\2022.3.10f1\\Editor\\Unity.exe -projectpath D:\\OneDrive - AP Hogeschool Antwerpen\\AP_3de\\VR\\VR_Project\\Eindproject-Mennekes -useHub -hubIPC -cloudEnvironment production -licensingIpc LicenseClient-Lau -hubSessionId b5308eb3-3e45-46ad-b74b-c0c0bc793458 -accessToken V3cwWRK_RqUZkVC04qUtaJuapJsC2zYZmo8zgVADvQE012f","communication_protocol_version":"1.5.0","com.unity.ml-agents_version":"2.0.1","scene_name":"SampleScene","end_time_seconds":"1714917617"}}